{
    "1": {
        "task_type": "prosaccade",
        "game_type": "gap",
        "target_position": [
            739,
            33
        ],
        "trial_start_time": 1742444390.193272,
        "stimulus_onset_time": 1742444394.403392,
        "trial_end_time": 1742444402.4086149
    },
    "2": {
        "task_type": "antisaccade",
        "game_type": "gap",
        "target_position": [
            1468,
            433
        ],
        "trial_start_time": 1742444402.91359,
        "stimulus_onset_time": 1742444407.120492,
        "trial_end_time": 1742444415.13067
    },
    "3": {
        "task_type": "prosaccade",
        "game_type": "overlap",
        "target_position": [
            739,
            33
        ],
        "trial_start_time": 1742444415.6308239,
        "stimulus_onset_time": 1742444419.635914,
        "trial_end_time": 1742444428.045644
    },
    "4": {
        "task_type": "antisaccade",
        "game_type": "overlap",
        "target_position": [
            1468,
            433
        ],
        "trial_start_time": 1742444428.550705,
        "stimulus_onset_time": 1742444432.555223,
        "trial_end_time": 1742444440.969353
    },
    "summary": {
        "prosaccade-gap": {},
        "prosaccade-overlap": {},
        "antisaccade-gap": {},
        "antisaccade-overlap": {}
    }
}