{
    "1": {
        "task_type": "prosaccade",
        "game_type": "gap",
        "target_position": [
            739,
            893
        ],
        "trial_start_time": 1742425071.018831,
        "stimulus_onset_time": 1742425075.226319,
        "trial_end_time": 1742425083.235508
    },
    "2": {
        "task_type": "antisaccade",
        "game_type": "gap",
        "target_position": [
            1468,
            433
        ],
        "trial_start_time": 1742425083.740552,
        "stimulus_onset_time": 1742425087.946272,
        "trial_end_time": 1742425095.954148
    },
    "3": {
        "task_type": "prosaccade",
        "game_type": "overlap",
        "target_position": [
            739,
            893
        ],
        "trial_start_time": 1742425096.458935,
        "stimulus_onset_time": 1742425100.462312,
        "trial_end_time": 1742425108.873909
    },
    "4": {
        "task_type": "antisaccade",
        "game_type": "overlap",
        "target_position": [
            51,
            433
        ],
        "trial_start_time": 1742425109.375181,
        "stimulus_onset_time": 1742425113.377722,
        "trial_end_time": 1742425121.788616
    },
    "summary": {
        "prosaccade-gap": {},
        "prosaccade-overlap": {},
        "antisaccade-gap": {},
        "antisaccade-overlap": {}
    }
}