{
    "1": {
        "task_type": "prosaccade",
        "game_type": "gap",
        "target_position": [
            739,
            893
        ],
        "trial_start_time": 1742412664.047371,
        "stimulus_onset_time": 1742412668.257768,
        "trial_end_time": 1742412676.262576
    },
    "2": {
        "task_type": "antisaccade",
        "game_type": "gap",
        "target_position": [
            51,
            433
        ],
        "trial_start_time": 1742412676.767775,
        "stimulus_onset_time": 1742412680.977909,
        "trial_end_time": 1742412688.992254
    },
    "3": {
        "task_type": "prosaccade",
        "game_type": "overlap",
        "target_position": [
            739,
            33
        ],
        "trial_start_time": 1742412689.49725,
        "stimulus_onset_time": 1742412693.504837,
        "trial_end_time": 1742412701.913715
    },
    "4": {
        "task_type": "antisaccade",
        "game_type": "overlap",
        "target_position": [
            1468,
            433
        ],
        "trial_start_time": 1742412702.4187992,
        "stimulus_onset_time": 1742412706.423848,
        "trial_end_time": 1742412714.832442
    },
    "summary": {
        "prosaccade-gap": {},
        "prosaccade-overlap": {},
        "antisaccade-gap": {},
        "antisaccade-overlap": {}
    }
}