{
    "1": {
        "task_type": "prosaccade",
        "game_type": "gap",
        "target_position": [
            739,
            33
        ],
        "trial_start_time": 1742314014.806165,
        "stimulus_onset_time": 1742314019.0140018,
        "trial_end_time": 1742314027.0246148
    },
    "2": {
        "task_type": "antisaccade",
        "game_type": "gap",
        "target_position": [
            1468,
            433
        ],
        "trial_start_time": 1742314027.024805,
        "stimulus_onset_time": 1742314031.2342231,
        "trial_end_time": 1742314039.246149
    },
    "3": {
        "task_type": "prosaccade",
        "game_type": "overlap",
        "target_position": [
            739,
            893
        ],
        "trial_start_time": 1742314039.24619,
        "stimulus_onset_time": 1742314043.247803,
        "trial_end_time": 1742314051.659255
    },
    "4": {
        "task_type": "antisaccade",
        "game_type": "overlap",
        "target_position": [
            1468,
            433
        ],
        "trial_start_time": 1742314051.6593761,
        "stimulus_onset_time": 1742314055.6639419,
        "trial_end_time": 1742314064.077893
    },
    "summary": {
        "prosaccade-gap": {},
        "prosaccade-overlap": {},
        "antisaccade-gap": {},
        "antisaccade-overlap": {}
    }
}