{
    "1": {
        "task_type": "prosaccade",
        "game_type": "gap",
        "target_position": [
            739,
            33
        ],
        "trial_start_time": 1742474494.204561,
        "stimulus_onset_time": 1742474498.4099011,
        "trial_end_time": 1742474506.415152
    },
    "2": {
        "task_type": "antisaccade",
        "game_type": "gap",
        "target_position": [
            1468,
            433
        ],
        "trial_start_time": 1742474506.9201941,
        "stimulus_onset_time": 1742474511.1295,
        "trial_end_time": 1742474519.136105
    },
    "3": {
        "task_type": "prosaccade",
        "game_type": "overlap",
        "target_position": [
            739,
            893
        ],
        "trial_start_time": 1742474519.639332,
        "stimulus_onset_time": 1742474523.639694,
        "trial_end_time": 1742474532.045179
    },
    "4": {
        "task_type": "antisaccade",
        "game_type": "overlap",
        "target_position": [
            51,
            433
        ],
        "trial_start_time": 1742474532.549372,
        "stimulus_onset_time": 1742474536.554392,
        "trial_end_time": 1742474544.9682088
    },
    "summary": {
        "prosaccade-gap": {},
        "prosaccade-overlap": {},
        "antisaccade-gap": {},
        "antisaccade-overlap": {}
    }
}