{
    "trial_num": 1,
    "task_type": "prosaccade",
    "game_type": "gap",
    "target_position": [
        739,
        33
    ],
    "metrics": {
        "reaction_time": 0.030987262725830078,
        "saccade_duration": 0.054081929399203796,
        "saccade_error": 0,
        "fixation_duration": 0.49172082744569034
    }
}