{
    "trial_num": 3,
    "task_type": "prosaccade",
    "game_type": "overlap",
    "target_position": [
        739,
        893
    ],
    "metrics": {
        "reaction_time": 0.05052685737609863,
        "saccade_duration": 0.094645167873603,
        "saccade_error": 0,
        "fixation_duration": 0.27108398791986116
    }
}