{
    "trial_num": 3,
    "task_type": "prosaccade",
    "game_type": "overlap",
    "target_position": [
        739,
        33
    ],
    "metrics": {
        "reaction_time": 0.04915022850036621,
        "saccade_duration": 0.04089751866341199,
        "saccade_error": 0,
        "fixation_duration": 0.3966570826844999
    }
}