{
    "trial_num": 4,
    "task_type": "antisaccade",
    "game_type": "overlap",
    "target_position": [
        1468,
        433
    ],
    "metrics": {
        "reaction_time": 0.05055069923400879,
        "saccade_duration": 0.07896450475343153,
        "saccade_error": 0,
        "fixation_duration": 0.32105065474180094
    }
}