{
    "trial_num": 4,
    "task_type": "antisaccade",
    "game_type": "overlap",
    "target_position": [
        51,
        433
    ],
    "metrics": {
        "reaction_time": 0.05082535743713379,
        "saccade_duration": 0.04876140699902125,
        "saccade_error": 0,
        "fixation_duration": 0.4691103541605841
    }
}