{
    "trial_num": 2,
    "task_type": "antisaccade",
    "game_type": "gap",
    "target_position": [
        1468,
        433
    ],
    "metrics": {
        "reaction_time": 0.0316767692565918,
        "saccade_duration": 0.034221667043133,
        "saccade_error": 0,
        "fixation_duration": 0.4448493466781954
    }
}