{
    "trial_num": 4,
    "task_type": "antisaccade",
    "game_type": "overlap",
    "target_position": [
        1468,
        433
    ],
    "metrics": {
        "reaction_time": 0.053878068923950195,
        "saccade_duration": 0.06971201289830813,
        "saccade_error": 0,
        "fixation_duration": 0.499854835149716
    }
}