{
    "trial_num": 4,
    "task_type": "antisaccade",
    "game_type": "overlap",
    "target_position": [
        51,
        433
    ],
    "metrics": {
        "reaction_time": 0.05282473564147949,
        "saccade_duration": 0.05787748014873351,
        "saccade_error": 0,
        "fixation_duration": 0.4381491719573628
    }
}