{
    "trial_num": 1,
    "task_type": "prosaccade",
    "game_type": "gap",
    "target_position": [
        739,
        33
    ],
    "metrics": {
        "reaction_time": 0.027856111526489258,
        "saccade_duration": 0.05430539458198763,
        "saccade_error": 0,
        "fixation_duration": 0.31946232253908835
    }
}