{
    "trial_num": 2,
    "task_type": "antisaccade",
    "game_type": "gap",
    "target_position": [
        51,
        433
    ],
    "metrics": {
        "reaction_time": 0.03245878219604492,
        "saccade_duration": 0.04247694470072008,
        "saccade_error": 0,
        "fixation_duration": 0.20185193718247404
    }
}