{
    "trial_num": 3,
    "task_type": "prosaccade",
    "game_type": "overlap",
    "target_position": [
        739,
        33
    ],
    "metrics": {
        "reaction_time": 0.046768903732299805,
        "saccade_duration": 0.020389305775548018,
        "saccade_error": 0,
        "fixation_duration": 0.2350071358706121
    }
}