{
    "trial_num": 4,
    "task_type": "antisaccade",
    "game_type": "overlap",
    "target_position": [
        1468,
        433
    ],
    "metrics": {
        "reaction_time": 0.04993724822998047,
        "saccade_duration": 0.031358361675167395,
        "saccade_error": 0,
        "fixation_duration": 0.4512982416384966
    }
}