{
    "trial_num": 2,
    "task_type": "antisaccade",
    "game_type": "gap",
    "target_position": [
        51,
        433
    ],
    "metrics": {
        "reaction_time": 0.03101181983947754,
        "saccade_duration": 0.040577406406453326,
        "saccade_error": 0,
        "fixation_duration": 0.39255039327126984
    }
}