{
    "trial_num": 2,
    "task_type": "antisaccade",
    "game_type": "gap",
    "target_position": [
        1468,
        433
    ],
    "metrics": {
        "reaction_time": 0.029641151428222656,
        "saccade_duration": 0.06264838220099615,
        "saccade_error": 0,
        "fixation_duration": 0.3306711577184482
    }
}