{
    "trial_num": 3,
    "task_type": "prosaccade",
    "game_type": "overlap",
    "target_position": [
        739,
        33
    ],
    "metrics": {
        "reaction_time": 0.04993295669555664,
        "saccade_duration": 0.05104470675710127,
        "saccade_error": 0,
        "fixation_duration": 0.4233644865930857
    }
}