{
    "trial_num": 1,
    "task_type": "prosaccade",
    "game_type": "gap",
    "target_position": [
        739,
        893
    ],
    "metrics": {
        "reaction_time": 0.02794337272644043,
        "saccade_duration": 0.0682280119903897,
        "saccade_error": 0,
        "fixation_duration": 0.4453698596737231
    }
}