{
    "trial_num": 2,
    "task_type": "antisaccade",
    "game_type": "gap",
    "target_position": [
        1468,
        433
    ],
    "metrics": {
        "reaction_time": 0.028765201568603516,
        "saccade_duration": 0.08050963533730458,
        "saccade_error": 0,
        "fixation_duration": 0.4842668701225407
    }
}