{
    "trial_num": 4,
    "task_type": "antisaccade",
    "game_type": "overlap",
    "target_position": [
        51,
        433
    ],
    "metrics": {
        "reaction_time": 0.0510711669921875,
        "saccade_duration": 0.039836760892344315,
        "saccade_error": 0,
        "fixation_duration": 0.20006485387685424
    }
}