{
    "trial_num": 4,
    "task_type": "antisaccade",
    "game_type": "overlap",
    "target_position": [
        51,
        433
    ],
    "metrics": {
        "reaction_time": 0.0501103401184082,
        "saccade_duration": 0.0901425985726105,
        "saccade_error": 0,
        "fixation_duration": 0.48164885837830246
    }
}