{
    "trial_num": 3,
    "task_type": "prosaccade",
    "game_type": "overlap",
    "target_position": [
        739,
        33
    ],
    "metrics": {
        "reaction_time": 0.04834914207458496,
        "saccade_duration": 0.049035179344798445,
        "saccade_error": 0,
        "fixation_duration": 0.38041955011524653
    }
}