{
    "trial_num": 1,
    "task_type": "prosaccade",
    "game_type": "gap",
    "target_position": [
        739,
        33
    ],
    "metrics": {
        "reaction_time": 0.028080224990844727,
        "saccade_duration": 0.02177057113614554,
        "saccade_error": 0,
        "fixation_duration": 0.4938444469769862
    }
}