{
    "trial_num": 1,
    "task_type": "prosaccade",
    "game_type": "gap",
    "target_position": [
        739,
        893
    ],
    "metrics": {
        "reaction_time": 0.028510570526123047,
        "saccade_duration": 0.04939768318731366,
        "saccade_error": 0,
        "fixation_duration": 0.2695483263932141
    }
}