{
    "trial_num": 3,
    "task_type": "prosaccade",
    "game_type": "overlap",
    "target_position": [
        739,
        893
    ],
    "metrics": {
        "reaction_time": 0.050492048263549805,
        "saccade_duration": 0.05962535042265707,
        "saccade_error": 0,
        "fixation_duration": 0.49237292766753743
    }
}