{
    "trial_num": 1,
    "task_type": "prosaccade",
    "game_type": "gap",
    "target_position": [
        739,
        893
    ],
    "metrics": {
        "reaction_time": 0.031310319900512695,
        "saccade_duration": 0.023671732359069608,
        "saccade_error": 0,
        "fixation_duration": 0.49166478624801563
    }
}