{
    "trial_num": 1,
    "task_type": "prosaccade",
    "game_type": "gap",
    "target_position": [
        739,
        893
    ],
    "metrics": {
        "reaction_time": 0.0315706729888916,
        "saccade_duration": 0.06434773475885351,
        "saccade_error": 0,
        "fixation_duration": 0.250514596246347
    }
}