{
    "trial_num": 1,
    "task_type": "prosaccade",
    "game_type": "gap",
    "target_position": [
        739,
        33
    ],
    "metrics": {
        "reaction_time": 0.029331445693969727,
        "saccade_duration": 0.041081578254085545,
        "saccade_error": 0,
        "fixation_duration": 0.3146172963355787
    }
}