{
    "trial_num": 2,
    "task_type": "antisaccade",
    "game_type": "gap",
    "target_position": [
        51,
        433
    ],
    "metrics": {
        "reaction_time": 0.029949665069580078,
        "saccade_duration": 0.03401652060511755,
        "saccade_error": 0,
        "fixation_duration": 0.21981799569113772
    }
}