{
    "trial_num": 3,
    "task_type": "prosaccade",
    "game_type": "overlap",
    "target_position": [
        739,
        893
    ],
    "metrics": {
        "reaction_time": 0.048193931579589844,
        "saccade_duration": 0.07749202903099721,
        "saccade_error": 0,
        "fixation_duration": 0.40960239543099364
    }
}