{
    "trial_num": 3,
    "task_type": "prosaccade",
    "game_type": "overlap",
    "target_position": [
        739,
        893
    ],
    "metrics": {
        "reaction_time": 0.050289154052734375,
        "saccade_duration": 0.03732442972019945,
        "saccade_error": 0,
        "fixation_duration": 0.45806553964502333
    }
}