{
    "trial_num": 4,
    "task_type": "antisaccade",
    "game_type": "overlap",
    "target_position": [
        1468,
        433
    ],
    "metrics": {
        "reaction_time": 0.04978752136230469,
        "saccade_duration": 0.03517359203961192,
        "saccade_error": 0,
        "fixation_duration": 0.2781275167362105
    }
}