{
    "trial_num": 3,
    "task_type": "prosaccade",
    "game_type": "overlap",
    "target_position": [
        739,
        893
    ],
    "metrics": {
        "reaction_time": 0.05124187469482422,
        "saccade_duration": 0.09697903186065943,
        "saccade_error": 0,
        "fixation_duration": 0.39882742119352393
    }
}