{
    "trial_num": 1,
    "task_type": "prosaccade",
    "game_type": "gap",
    "target_position": [
        739,
        893
    ],
    "metrics": {
        "reaction_time": 0.03095078468322754,
        "saccade_duration": 0.06341326163299431,
        "saccade_error": 0,
        "fixation_duration": 0.384232903794397
    }
}