{
    "trial_num": 1,
    "task_type": "prosaccade",
    "game_type": "gap",
    "target_position": [
        739,
        893
    ],
    "metrics": {
        "reaction_time": 0.02753138542175293,
        "saccade_duration": 0.09479149355044204,
        "saccade_error": 0,
        "fixation_duration": 0.419303511951574
    }
}