{
    "trial_num": 2,
    "task_type": "antisaccade",
    "game_type": "gap",
    "target_position": [
        1468,
        433
    ],
    "metrics": {
        "reaction_time": 0.032866477966308594,
        "saccade_duration": 0.09816712854458677,
        "saccade_error": 0,
        "fixation_duration": 0.23698152156228044
    }
}