{
    "trial_num": 4,
    "task_type": "antisaccade",
    "game_type": "overlap",
    "target_position": [
        1468,
        433
    ],
    "metrics": {
        "reaction_time": 0.05015730857849121,
        "saccade_duration": 0.03456080033743353,
        "saccade_error": 0,
        "fixation_duration": 0.22799205689490393
    }
}