{
    "trial_num": 3,
    "task_type": "prosaccade",
    "game_type": "overlap",
    "target_position": [
        739,
        33
    ],
    "metrics": {
        "reaction_time": 0.04872870445251465,
        "saccade_duration": 0.06619552596993701,
        "saccade_error": 0,
        "fixation_duration": 0.2572362306259903
    }
}