{
    "trial_num": 4,
    "task_type": "antisaccade",
    "game_type": "overlap",
    "target_position": [
        51,
        433
    ],
    "metrics": {
        "reaction_time": 0.048464298248291016,
        "saccade_duration": 0.08985220491931756,
        "saccade_error": 0,
        "fixation_duration": 0.24421186364342579
    }
}