{
    "trial_num": 2,
    "task_type": "antisaccade",
    "game_type": "gap",
    "target_position": [
        1468,
        433
    ],
    "metrics": {
        "reaction_time": 0.02982640266418457,
        "saccade_duration": 0.05149260318035899,
        "saccade_error": 0,
        "fixation_duration": 0.21314889234623552
    }
}