{
    "trial_num": 2,
    "task_type": "antisaccade",
    "game_type": "gap",
    "target_position": [
        1468,
        433
    ],
    "metrics": {
        "reaction_time": 0.03165006637573242,
        "saccade_duration": 0.062483333018587564,
        "saccade_error": 0,
        "fixation_duration": 0.34432049122286384
    }
}