{
    "trial_num": 1,
    "task_type": "prosaccade",
    "game_type": "gap",
    "target_position": [
        739,
        33
    ],
    "metrics": {
        "reaction_time": 0.029881954193115234,
        "saccade_duration": 0.04171896116669738,
        "saccade_error": 0,
        "fixation_duration": 0.2212802136140889
    }
}